sample_index,ground_truth,dataset_split,attribute,attribute_data,{Vi},{Ve},{Se},{Vi ∪ Ve},{Vi ∪ Se},{Ve ∪ Se},{Vi ∪ Ve ∪ Se}
1,Setosa,unknown,SL,5.1,0.0,0.0,0.8033,0.0,0.0,0.1716,0.0251
1,Setosa,unknown,SW,3.5,0.0,0.0,0.6811,0.0,0.2563,0.0,0.0626
1,Setosa,unknown,PL,1.4,0.0,0.0,1.0,0.0,0.0,0.0,0.0
1,Setosa,unknown,PW,0.2,0.0,0.0,1.0,0.0,0.0,0.0,0.0
2,Setosa,unknown,SL,4.9,0.0,0.0,0.8941,0.0,0.0,0.0933,0.0126
2,Setosa,unknown,SW,3.0,0.4417,0.0,0.0,0.3354,0.0,0.0,0.2229
2,Setosa,unknown,PL,1.4,0.0,0.0,1.0,0.0,0.0,0.0,0.0
2,Setosa,unknown,PW,0.2,0.0,0.0,1.0,0.0,0.0,0.0,0.0
3,Setosa,unknown,SL,4.7,0.0,0.0,0.9385,0.0,0.0,0.0543,0.0072
3,Setosa,unknown,SW,3.2,0.4191,0.0,0.0,0.0,0.377,0.0,0.2039
3,Setosa,unknown,PL,1.3,0.0,0.0,1.0,0.0,0.0,0.0,0.0
3,Setosa,unknown,PW,0.2,0.0,0.0,1.0,0.0,0.0,0.0,0.0
4,Setosa,unknown,SL,4.6,0.0,0.0,0.9513,0.0,0.0,0.0429,0.0058
4,Setosa,unknown,SW,3.1,0.44,0.0,0.0,0.0,0.2922,0.0,0.2678
4,Setosa,unknown,PL,1.5,0.0,0.0,1.0,0.0,0.0,0.0,0.0
4,Setosa,unknown,PW,0.2,0.0,0.0,1.0,0.0,0.0,0.0,0.0
5,Setosa,unknown,SL,5.0,0.0,0.0,0.8566,0.0,0.0,0.1259,0.0175
5,Setosa,unknown,SW,3.6,0.0,0.0,0.772,0.0,0.1911,0.0,0.0369
5,Setosa,unknown,PL,1.4,0.0,0.0,1.0,0.0,0.0,0.0,0.0
5,Setosa,unknown,PW,0.2,0.0,0.0,1.0,0.0,0.0,0.0,0.0
6,Setosa,unknown,SL,5.4,0.0,0.0,0.5149,0.0,0.0,0.409,0.0761
6,Setosa,unknown,SW,3.9,0.0,0.0,0.9391,0.0,0.0557,0.0,0.0052
6,Setosa,unknown,PL,1.7,0.0,0.0,1.0,0.0,0.0,0.0,0.0
6,Setosa,unknown,PW,0.4,0.0,0.0,1.0,0.0,0.0,0.0,0.0
7,Setosa,unknown,SL,4.6,0.0,0.0,0.9513,0.0,0.0,0.0429,0.0058
7,Setosa,unknown,SW,3.4,0.0,0.0,0.5791,0.0,0.3217,0.0,0.0992
7,Setosa,unknown,PL,1.4,0.0,0.0,1.0,0.0,0.0,0.0,0.0
7,Setosa,unknown,PW,0.3,0.0,0.0,1.0,0.0,0.0,0.0,0.0
8,Setosa,unknown,SL,5.0,0.0,0.0,0.8566,0.0,0.0,0.1259,0.0175
8,Setosa,unknown,SW,3.4,0.0,0.0,0.5791,0.0,0.3217,0.0,0.0992
8,Setosa,unknown,PL,1.5,0.0,0.0,1.0,0.0,0.0,0.0,0.0
8,Setosa,unknown,PW,0.2,0.0,0.0,1.0,0.0,0.0,0.0,0.0
9,Setosa,unknown,SL,4.4,0.0,0.0,0.9666,0.0,0.0,0.0292,0.0042
9,Setosa,unknown,SW,2.9,0.4274,0.0,0.0,0.4039,0.0,0.0,0.1687
9,Setosa,unknown,PL,1.4,0.0,0.0,1.0,0.0,0.0,0.0,0.0
9,Setosa,unknown,PW,0.2,0.0,0.0,1.0,0.0,0.0,0.0,0.0
10,Setosa,unknown,SL,4.9,0.0,0.0,0.8941,0.0,0.0,0.0933,0.0126
10,Setosa,unknown,SW,3.1,0.44,0.0,0.0,0.0,0.2922,0.0,0.2678
10,Setosa,unknown,PL,1.5,0.0,0.0,1.0,0.0,0.0,0.0,0.0
10,Setosa,unknown,PW,0.1,0.0,0.0,1.0,0.0,0.0,0.0,0.0
11,Setosa,unknown,SL,5.4,0.0,0.0,0.5149,0.0,0.0,0.409,0.0761
11,Setosa,unknown,SW,3.7,0.0,0.0,0.8457,0.0,0.1339,0.0,0.0204
11,Setosa,unknown,PL,1.5,0.0,0.0,1.0,0.0,0.0,0.0,0.0
11,Setosa,unknown,PW,0.2,0.0,0.0,1.0,0.0,0.0,0.0,0.0
12,Setosa,unknown,SL,4.8,0.0,0.0,0.9203,0.0,0.0,0.0704,0.0093
12,Setosa,unknown,SW,3.4,0.0,0.0,0.5791,0.0,0.3217,0.0,0.0992
12,Setosa,unknown,PL,1.6,0.0,0.0,1.0,0.0,0.0,0.0,0.0
12,Setosa,unknown,PW,0.2,0.0,0.0,1.0,0.0,0.0,0.0,0.0
13,Setosa,unknown,SL,4.8,0.0,0.0,0.9203,0.0,0.0,0.0704,0.0093
13,Setosa,unknown,SW,3.0,0.4417,0.0,0.0,0.3354,0.0,0.0,0.2229
13,Setosa,unknown,PL,1.4,0.0,0.0,1.0,0.0,0.0,0.0,0.0
13,Setosa,unknown,PW,0.1,0.0,0.0,1.0,0.0,0.0,0.0,0.0
14,Setosa,unknown,SL,4.3,0.0,0.0,0.9709,0.0,0.0,0.0252,0.0039
14,Setosa,unknown,SW,3.0,0.4417,0.0,0.0,0.3354,0.0,0.0,0.2229
14,Setosa,unknown,PL,1.1,0.0,0.0,1.0,0.0,0.0,0.0,0.0
14,Setosa,unknown,PW,0.1,0.0,0.0,1.0,0.0,0.0,0.0,0.0
15,Setosa,unknown,SL,5.8,0.0,0.6845,0.0,0.2194,0.0,0.0,0.0961
15,Setosa,unknown,SW,4.0,0.0,0.0,0.9639,0.0,0.0336,0.0,0.0025
15,Setosa,unknown,PL,1.2,0.0,0.0,1.0,0.0,0.0,0.0,0.0
15,Setosa,unknown,PW,0.2,0.0,0.0,1.0,0.0,0.0,0.0,0.0
16,Setosa,unknown,SL,5.7,0.0,0.6544,0.0,0.1788,0.0,0.0,0.1668
16,Setosa,unknown,SW,4.4,0.0,0.0,0.9968,0.0,0.0031,0.0,0.0001
16,Setosa,unknown,PL,1.5,0.0,0.0,1.0,0.0,0.0,0.0,0.0
16,Setosa,unknown,PW,0.4,0.0,0.0,1.0,0.0,0.0,0.0,0.0
17,Setosa,unknown,SL,5.4,0.0,0.0,0.5149,0.0,0.0,0.409,0.0761
17,Setosa,unknown,SW,3.9,0.0,0.0,0.9391,0.0,0.0557,0.0,0.0052
17,Setosa,unknown,PL,1.3,0.0,0.0,1.0,0.0,0.0,0.0,0.0
17,Setosa,unknown,PW,0.4,0.0,0.0,1.0,0.0,0.0,0.0,0.0
18,Setosa,unknown,SL,5.1,0.0,0.0,0.8033,0.0,0.0,0.1716,0.0251
18,Setosa,unknown,SW,3.5,0.0,0.0,0.6811,0.0,0.2563,0.0,0.0626
18,Setosa,unknown,PL,1.4,0.0,0.0,1.0,0.0,0.0,0.0,0.0
18,Setosa,unknown,PW,0.3,0.0,0.0,1.0,0.0,0.0,0.0,0.0
19,Setosa,unknown,SL,5.7,0.0,0.6544,0.0,0.1788,0.0,0.0,0.1668
19,Setosa,unknown,SW,3.8,0.0,0.0,0.9008,0.0,0.0886,0.0,0.0106
19,Setosa,unknown,PL,1.7,0.0,0.0,1.0,0.0,0.0,0.0,0.0
19,Setosa,unknown,PW,0.3,0.0,0.0,1.0,0.0,0.0,0.0,0.0
20,Setosa,unknown,SL,5.1,0.0,0.0,0.8033,0.0,0.0,0.1716,0.0251
20,Setosa,unknown,SW,3.8,0.0,0.0,0.9008,0.0,0.0886,0.0,0.0106
20,Setosa,unknown,PL,1.5,0.0,0.0,1.0,0.0,0.0,0.0,0.0
20,Setosa,unknown,PW,0.3,0.0,0.0,1.0,0.0,0.0,0.0,0.0
21,Setosa,unknown,SL,5.4,0.0,0.0,0.5149,0.0,0.0,0.409,0.0761
21,Setosa,unknown,SW,3.4,0.0,0.0,0.5791,0.0,0.3217,0.0,0.0992
21,Setosa,unknown,PL,1.7,0.0,0.0,1.0,0.0,0.0,0.0,0.0
21,Setosa,unknown,PW,0.2,0.0,0.0,1.0,0.0,0.0,0.0,0.0
22,Setosa,unknown,SL,5.1,0.0,0.0,0.8033,0.0,0.0,0.1716,0.0251
22,Setosa,unknown,SW,3.7,0.0,0.0,0.8457,0.0,0.1339,0.0,0.0204
22,Setosa,unknown,PL,1.5,0.0,0.0,1.0,0.0,0.0,0.0,0.0
22,Setosa,unknown,PW,0.4,0.0,0.0,1.0,0.0,0.0,0.0,0.0
23,Setosa,unknown,SL,4.6,0.0,0.0,0.9513,0.0,0.0,0.0429,0.0058
23,Setosa,unknown,SW,3.6,0.0,0.0,0.772,0.0,0.1911,0.0,0.0369
23,Setosa,unknown,PL,1.0,0.0,0.0,1.0,0.0,0.0,0.0,0.0
23,Setosa,unknown,PW,0.2,0.0,0.0,1.0,0.0,0.0,0.0,0.0
24,Setosa,unknown,SL,5.1,0.0,0.0,0.8033,0.0,0.0,0.1716,0.0251
24,Setosa,unknown,SW,3.3,0.0,0.0,0.4748,0.0,0.3784,0.0,0.1468
24,Setosa,unknown,PL,1.7,0.0,0.0,1.0,0.0,0.0,0.0,0.0
24,Setosa,unknown,PW,0.5,0.0,0.0,0.9983,0.0,0.0,0.0017,0.0
25,Setosa,unknown,SL,4.8,0.0,0.0,0.9203,0.0,0.0,0.0704,0.0093
25,Setosa,unknown,SW,3.4,0.0,0.0,0.5791,0.0,0.3217,0.0,0.0992
25,Setosa,unknown,PL,1.9,0.0,0.0,0.9998,0.0,0.0,0.0002,0.0
25,Setosa,unknown,PW,0.2,0.0,0.0,1.0,0.0,0.0,0.0,0.0
26,Setosa,unknown,SL,5.0,0.0,0.0,0.8566,0.0,0.0,0.1259,0.0175
26,Setosa,unknown,SW,3.0,0.4417,0.0,0.0,0.3354,0.0,0.0,0.2229
26,Setosa,unknown,PL,1.6,0.0,0.0,1.0,0.0,0.0,0.0,0.0
26,Setosa,unknown,PW,0.2,0.0,0.0,1.0,0.0,0.0,0.0,0.0
27,Setosa,unknown,SL,5.0,0.0,0.0,0.8566,0.0,0.0,0.1259,0.0175
27,Setosa,unknown,SW,3.4,0.0,0.0,0.5791,0.0,0.3217,0.0,0.0992
27,Setosa,unknown,PL,1.6,0.0,0.0,1.0,0.0,0.0,0.0,0.0
27,Setosa,unknown,PW,0.4,0.0,0.0,1.0,0.0,0.0,0.0,0.0
28,Setosa,unknown,SL,5.2,0.0,0.0,0.7295,0.0,0.0,0.234,0.0365
28,Setosa,unknown,SW,3.5,0.0,0.0,0.6811,0.0,0.2563,0.0,0.0626
28,Setosa,unknown,PL,1.5,0.0,0.0,1.0,0.0,0.0,0.0,0.0
28,Setosa,unknown,PW,0.2,0.0,0.0,1.0,0.0,0.0,0.0,0.0
29,Setosa,unknown,SL,5.2,0.0,0.0,0.7295,0.0,0.0,0.234,0.0365
29,Setosa,unknown,SW,3.4,0.0,0.0,0.5791,0.0,0.3217,0.0,0.0992
29,Setosa,unknown,PL,1.4,0.0,0.0,1.0,0.0,0.0,0.0,0.0
29,Setosa,unknown,PW,0.2,0.0,0.0,1.0,0.0,0.0,0.0,0.0
30,Setosa,unknown,SL,4.7,0.0,0.0,0.9385,0.0,0.0,0.0543,0.0072
30,Setosa,unknown,SW,3.2,0.4191,0.0,0.0,0.0,0.377,0.0,0.2039
30,Setosa,unknown,PL,1.6,0.0,0.0,1.0,0.0,0.0,0.0,0.0
30,Setosa,unknown,PW,0.2,0.0,0.0,1.0,0.0,0.0,0.0,0.0
31,Setosa,unknown,SL,4.8,0.0,0.0,0.9203,0.0,0.0,0.0704,0.0093
31,Setosa,unknown,SW,3.1,0.44,0.0,0.0,0.0,0.2922,0.0,0.2678
31,Setosa,unknown,PL,1.6,0.0,0.0,1.0,0.0,0.0,0.0,0.0
31,Setosa,unknown,PW,0.2,0.0,0.0,1.0,0.0,0.0,0.0,0.0
32,Setosa,unknown,SL,5.4,0.0,0.0,0.5149,0.0,0.0,0.409,0.0761
32,Setosa,unknown,SW,3.4,0.0,0.0,0.5791,0.0,0.3217,0.0,0.0992
32,Setosa,unknown,PL,1.5,0.0,0.0,1.0,0.0,0.0,0.0,0.0
32,Setosa,unknown,PW,0.4,0.0,0.0,1.0,0.0,0.0,0.0,0.0
33,Setosa,unknown,SL,5.2,0.0,0.0,0.7295,0.0,0.0,0.234,0.0365
33,Setosa,unknown,SW,4.1,0.0,0.0,0.9795,0.0,0.0194,0.0,0.0011
33,Setosa,unknown,PL,1.5,0.0,0.0,1.0,0.0,0.0,0.0,0.0
33,Setosa,unknown,PW,0.1,0.0,0.0,1.0,0.0,0.0,0.0,0.0
34,Setosa,unknown,SL,5.5,0.0,0.5073,0.0,0.0,0.0,0.3871,0.1056
34,Setosa,unknown,SW,4.2,0.0,0.0,0.9886,0.0,0.0109,0.0,0.0005
34,Setosa,unknown,PL,1.4,0.0,0.0,1.0,0.0,0.0,0.0,0.0
34,Setosa,unknown,PW,0.2,0.0,0.0,1.0,0.0,0.0,0.0,0.0
35,Setosa,unknown,SL,4.9,0.0,0.0,0.8941,0.0,0.0,0.0933,0.0126
35,Setosa,unknown,SW,3.1,0.44,0.0,0.0,0.0,0.2922,0.0,0.2678
35,Setosa,unknown,PL,1.5,0.0,0.0,1.0,0.0,0.0,0.0,0.0
35,Setosa,unknown,PW,0.1,0.0,0.0,1.0,0.0,0.0,0.0,0.0
36,Setosa,unknown,SL,5.0,0.0,0.0,0.8566,0.0,0.0,0.1259,0.0175
36,Setosa,unknown,SW,3.2,0.4191,0.0,0.0,0.0,0.377,0.0,0.2039
36,Setosa,unknown,PL,1.2,0.0,0.0,1.0,0.0,0.0,0.0,0.0
36,Setosa,unknown,PW,0.2,0.0,0.0,1.0,0.0,0.0,0.0,0.0
37,Setosa,unknown,SL,5.5,0.0,0.5073,0.0,0.0,0.0,0.3871,0.1056
37,Setosa,unknown,SW,3.5,0.0,0.0,0.6811,0.0,0.2563,0.0,0.0626
37,Setosa,unknown,PL,1.3,0.0,0.0,1.0,0.0,0.0,0.0,0.0
37,Setosa,unknown,PW,0.2,0.0,0.0,1.0,0.0,0.0,0.0,0.0
38,Setosa,unknown,SL,4.9,0.0,0.0,0.8941,0.0,0.0,0.0933,0.0126
38,Setosa,unknown,SW,3.1,0.44,0.0,0.0,0.0,0.2922,0.0,0.2678
38,Setosa,unknown,PL,1.5,0.0,0.0,1.0,0.0,0.0,0.0,0.0
38,Setosa,unknown,PW,0.1,0.0,0.0,1.0,0.0,0.0,0.0,0.0
39,Setosa,unknown,SL,4.4,0.0,0.0,0.9666,0.0,0.0,0.0292,0.0042
39,Setosa,unknown,SW,3.0,0.4417,0.0,0.0,0.3354,0.0,0.0,0.2229
39,Setosa,unknown,PL,1.3,0.0,0.0,1.0,0.0,0.0,0.0,0.0
39,Setosa,unknown,PW,0.2,0.0,0.0,1.0,0.0,0.0,0.0,0.0
40,Setosa,unknown,SL,5.1,0.0,0.0,0.8033,0.0,0.0,0.1716,0.0251
40,Setosa,unknown,SW,3.4,0.0,0.0,0.5791,0.0,0.3217,0.0,0.0992
40,Setosa,unknown,PL,1.5,0.0,0.0,1.0,0.0,0.0,0.0,0.0
40,Setosa,unknown,PW,0.2,0.0,0.0,1.0,0.0,0.0,0.0,0.0
41,Setosa,unknown,SL,5.0,0.0,0.0,0.8566,0.0,0.0,0.1259,0.0175
41,Setosa,unknown,SW,3.5,0.0,0.0,0.6811,0.0,0.2563,0.0,0.0626
41,Setosa,unknown,PL,1.3,0.0,0.0,1.0,0.0,0.0,0.0,0.0
41,Setosa,unknown,PW,0.3,0.0,0.0,1.0,0.0,0.0,0.0,0.0
42,Setosa,unknown,SL,4.5,0.0,0.0,0.9603,0.0,0.0,0.0349,0.0048
42,Setosa,unknown,SW,2.3,0.0,0.7389,0.0,0.2241,0.0,0.0,0.037
42,Setosa,unknown,PL,1.3,0.0,0.0,1.0,0.0,0.0,0.0,0.0
42,Setosa,unknown,PW,0.3,0.0,0.0,1.0,0.0,0.0,0.0,0.0
43,Setosa,unknown,SL,4.4,0.0,0.0,0.9666,0.0,0.0,0.0292,0.0042
43,Setosa,unknown,SW,3.2,0.4191,0.0,0.0,0.0,0.377,0.0,0.2039
43,Setosa,unknown,PL,1.3,0.0,0.0,1.0,0.0,0.0,0.0,0.0
43,Setosa,unknown,PW,0.2,0.0,0.0,1.0,0.0,0.0,0.0,0.0
44,Setosa,unknown,SL,5.0,0.0,0.0,0.8566,0.0,0.0,0.1259,0.0175
44,Setosa,unknown,SW,3.5,0.0,0.0,0.6811,0.0,0.2563,0.0,0.0626
44,Setosa,unknown,PL,1.6,0.0,0.0,1.0,0.0,0.0,0.0,0.0
44,Setosa,unknown,PW,0.6,0.0,0.0,0.8824,0.0,0.0,0.1176,0.0
45,Setosa,unknown,SL,5.1,0.0,0.0,0.8033,0.0,0.0,0.1716,0.0251
45,Setosa,unknown,SW,3.8,0.0,0.0,0.9008,0.0,0.0886,0.0,0.0106
45,Setosa,unknown,PL,1.9,0.0,0.0,0.9998,0.0,0.0,0.0002,0.0
45,Setosa,unknown,PW,0.4,0.0,0.0,1.0,0.0,0.0,0.0,0.0
46,Setosa,unknown,SL,4.8,0.0,0.0,0.9203,0.0,0.0,0.0704,0.0093
46,Setosa,unknown,SW,3.0,0.4417,0.0,0.0,0.3354,0.0,0.0,0.2229
46,Setosa,unknown,PL,1.4,0.0,0.0,1.0,0.0,0.0,0.0,0.0
46,Setosa,unknown,PW,0.3,0.0,0.0,1.0,0.0,0.0,0.0,0.0
47,Setosa,unknown,SL,5.1,0.0,0.0,0.8033,0.0,0.0,0.1716,0.0251
47,Setosa,unknown,SW,3.8,0.0,0.0,0.9008,0.0,0.0886,0.0,0.0106
47,Setosa,unknown,PL,1.6,0.0,0.0,1.0,0.0,0.0,0.0,0.0
47,Setosa,unknown,PW,0.2,0.0,0.0,1.0,0.0,0.0,0.0,0.0
48,Setosa,unknown,SL,4.6,0.0,0.0,0.9513,0.0,0.0,0.0429,0.0058
48,Setosa,unknown,SW,3.2,0.4191,0.0,0.0,0.0,0.377,0.0,0.2039
48,Setosa,unknown,PL,1.4,0.0,0.0,1.0,0.0,0.0,0.0,0.0
48,Setosa,unknown,PW,0.2,0.0,0.0,1.0,0.0,0.0,0.0,0.0
49,Setosa,unknown,SL,5.3,0.0,0.0,0.6326,0.0,0.0,0.3143,0.0531
49,Setosa,unknown,SW,3.7,0.0,0.0,0.8457,0.0,0.1339,0.0,0.0204
49,Setosa,unknown,PL,1.5,0.0,0.0,1.0,0.0,0.0,0.0,0.0
49,Setosa,unknown,PW,0.2,0.0,0.0,1.0,0.0,0.0,0.0,0.0
50,Setosa,unknown,SL,5.0,0.0,0.0,0.8566,0.0,0.0,0.1259,0.0175
50,Setosa,unknown,SW,3.3,0.0,0.0,0.4748,0.0,0.3784,0.0,0.1468
50,Setosa,unknown,PL,1.4,0.0,0.0,1.0,0.0,0.0,0.0,0.0
50,Setosa,unknown,PW,0.2,0.0,0.0,1.0,0.0,0.0,0.0,0.0
51,Versicolor,unknown,SL,7.0,0.8827,0.0,0.0,0.1173,0.0,0.0,0.0
51,Versicolor,unknown,SW,3.2,0.4191,0.0,0.0,0.0,0.377,0.0,0.2039
51,Versicolor,unknown,PL,4.7,0.0,0.7055,0.0,0.2945,0.0,0.0,0.0
51,Versicolor,unknown,PW,1.4,0.0,0.9604,0.0,0.0396,0.0,0.0,0.0
52,Versicolor,unknown,SL,6.4,0.5382,0.0,0.0,0.4609,0.0,0.0,0.0009
52,Versicolor,unknown,SW,3.2,0.4191,0.0,0.0,0.0,0.377,0.0,0.2039
52,Versicolor,unknown,PL,4.5,0.0,0.8488,0.0,0.1512,0.0,0.0,0.0
52,Versicolor,unknown,PW,1.5,0.0,0.8859,0.0,0.1141,0.0,0.0,0.0
53,Versicolor,unknown,SL,6.9,0.8413,0.0,0.0,0.1587,0.0,0.0,0.0
53,Versicolor,unknown,SW,3.1,0.44,0.0,0.0,0.0,0.2922,0.0,0.2678
53,Versicolor,unknown,PL,4.9,0.5055,0.0,0.0,0.4945,0.0,0.0,0.0
53,Versicolor,unknown,PW,1.5,0.0,0.8859,0.0,0.1141,0.0,0.0,0.0
54,Versicolor,unknown,SL,5.5,0.0,0.5073,0.0,0.0,0.0,0.3871,0.1056
54,Versicolor,unknown,SW,2.3,0.0,0.7389,0.0,0.2241,0.0,0.0,0.037
54,Versicolor,unknown,PL,4.0,0.0,0.975,0.0,0.025,0.0,0.0,0.0
54,Versicolor,unknown,PW,1.3,0.0,0.9856,0.0,0.0144,0.0,0.0,0.0
55,Versicolor,unknown,SL,6.5,0.6046,0.0,0.0,0.395,0.0,0.0,0.0004
55,Versicolor,unknown,SW,2.8,0.0,0.4708,0.0,0.4017,0.0,0.0,0.1275
55,Versicolor,unknown,PL,4.6,0.0,0.7866,0.0,0.2134,0.0,0.0,0.0
55,Versicolor,unknown,PW,1.5,0.0,0.8859,0.0,0.1141,0.0,0.0,0.0
56,Versicolor,unknown,SL,5.7,0.0,0.6544,0.0,0.1788,0.0,0.0,0.1668
56,Versicolor,unknown,SW,2.8,0.0,0.4708,0.0,0.4017,0.0,0.0,0.1275
56,Versicolor,unknown,PL,4.5,0.0,0.8488,0.0,0.1512,0.0,0.0,0.0
56,Versicolor,unknown,PW,1.3,0.0,0.9856,0.0,0.0144,0.0,0.0,0.0
57,Versicolor,unknown,SL,6.3,0.0,0.5238,0.0,0.4739,0.0,0.0,0.0023
57,Versicolor,unknown,SW,3.3,0.0,0.0,0.4748,0.0,0.3784,0.0,0.1468
57,Versicolor,unknown,PL,4.7,0.0,0.7055,0.0,0.2945,0.0,0.0,0.0
57,Versicolor,unknown,PW,1.6,0.0,0.6931,0.0,0.3069,0.0,0.0,0.0
58,Versicolor,unknown,SL,4.9,0.0,0.0,0.8941,0.0,0.0,0.0933,0.0126
58,Versicolor,unknown,SW,2.4,0.0,0.6961,0.0,0.2581,0.0,0.0,0.0458
58,Versicolor,unknown,PL,3.3,0.0,0.9973,0.0,0.0027,0.0,0.0,0.0
58,Versicolor,unknown,PW,1.0,0.0,0.9989,0.0,0.0011,0.0,0.0,0.0
59,Versicolor,unknown,SL,6.6,0.6709,0.0,0.0,0.329,0.0,0.0,0.0001
59,Versicolor,unknown,SW,2.9,0.4274,0.0,0.0,0.4039,0.0,0.0,0.1687
59,Versicolor,unknown,PL,4.6,0.0,0.7866,0.0,0.2134,0.0,0.0,0.0
59,Versicolor,unknown,PW,1.3,0.0,0.9856,0.0,0.0144,0.0,0.0,0.0
60,Versicolor,unknown,SL,5.2,0.0,0.0,0.7295,0.0,0.0,0.234,0.0365
60,Versicolor,unknown,SW,2.7,0.0,0.5344,0.0,0.3687,0.0,0.0,0.0969
60,Versicolor,unknown,PL,3.9,0.0,0.9823,0.0,0.0177,0.0,0.0,0.0
60,Versicolor,unknown,PW,1.4,0.0,0.9604,0.0,0.0396,0.0,0.0,0.0
61,Versicolor,unknown,SL,5.0,0.0,0.0,0.8566,0.0,0.0,0.1259,0.0175
61,Versicolor,unknown,SW,2.0,0.0,0.8367,0.0,0.1411,0.0,0.0,0.0222
61,Versicolor,unknown,PL,3.5,0.0,0.9952,0.0,0.0048,0.0,0.0,0.0
61,Versicolor,unknown,PW,1.0,0.0,0.9989,0.0,0.0011,0.0,0.0,0.0
62,Versicolor,unknown,SL,5.9,0.0,0.6862,0.0,0.2623,0.0,0.0,0.0515
62,Versicolor,unknown,SW,3.0,0.4417,0.0,0.0,0.3354,0.0,0.0,0.2229
62,Versicolor,unknown,PL,4.2,0.0,0.9489,0.0,0.0511,0.0,0.0,0.0
62,Versicolor,unknown,PW,1.5,0.0,0.8859,0.0,0.1141,0.0,0.0,0.0
63,Versicolor,unknown,SL,6.0,0.0,0.6659,0.0,0.3083,0.0,0.0,0.0258
63,Versicolor,unknown,SW,2.2,0.0,0.7764,0.0,0.1931,0.0,0.0,0.0305
63,Versicolor,unknown,PL,4.0,0.0,0.975,0.0,0.025,0.0,0.0,0.0
63,Versicolor,unknown,PW,1.0,0.0,0.9989,0.0,0.0011,0.0,0.0,0.0
64,Versicolor,unknown,SL,6.1,0.0,0.6293,0.0,0.3585,0.0,0.0,0.0122
64,Versicolor,unknown,SW,2.9,0.4274,0.0,0.0,0.4039,0.0,0.0,0.1687
64,Versicolor,unknown,PL,4.7,0.0,0.7055,0.0,0.2945,0.0,0.0,0.0
64,Versicolor,unknown,PW,1.4,0.0,0.9604,0.0,0.0396,0.0,0.0,0.0
65,Versicolor,unknown,SL,5.6,0.0,0.5936,0.0,0.0,0.0,0.266,0.1404
65,Versicolor,unknown,SW,2.9,0.4274,0.0,0.0,0.4039,0.0,0.0,0.1687
65,Versicolor,unknown,PL,3.6,0.0,0.9934,0.0,0.0066,0.0,0.0,0.0
65,Versicolor,unknown,PW,1.3,0.0,0.9856,0.0,0.0144,0.0,0.0,0.0
66,Versicolor,unknown,SL,6.7,0.734,0.0,0.0,0.266,0.0,0.0,0.0
66,Versicolor,unknown,SW,3.1,0.44,0.0,0.0,0.0,0.2922,0.0,0.2678
66,Versicolor,unknown,PL,4.4,0.0,0.8942,0.0,0.1058,0.0,0.0,0.0
66,Versicolor,unknown,PW,1.4,0.0,0.9604,0.0,0.0396,0.0,0.0,0.0
67,Versicolor,unknown,SL,5.6,0.0,0.5936,0.0,0.0,0.0,0.266,0.1404
67,Versicolor,unknown,SW,3.0,0.4417,0.0,0.0,0.3354,0.0,0.0,0.2229
67,Versicolor,unknown,PL,4.5,0.0,0.8488,0.0,0.1512,0.0,0.0,0.0
67,Versicolor,unknown,PW,1.5,0.0,0.8859,0.0,0.1141,0.0,0.0,0.0
68,Versicolor,unknown,SL,5.8,0.0,0.6845,0.0,0.2194,0.0,0.0,0.0961
68,Versicolor,unknown,SW,2.7,0.0,0.5344,0.0,0.3687,0.0,0.0,0.0969
68,Versicolor,unknown,PL,4.1,0.0,0.9644,0.0,0.0356,0.0,0.0,0.0
68,Versicolor,unknown,PW,1.0,0.0,0.9989,0.0,0.0011,0.0,0.0,0.0
69,Versicolor,unknown,SL,6.2,0.0,0.5808,0.0,0.4137,0.0,0.0,0.0055
69,Versicolor,unknown,SW,2.2,0.0,0.7764,0.0,0.1931,0.0,0.0,0.0305
69,Versicolor,unknown,PL,4.5,0.0,0.8488,0.0,0.1512,0.0,0.0,0.0
69,Versicolor,unknown,PW,1.5,0.0,0.8859,0.0,0.1141,0.0,0.0,0.0
70,Versicolor,unknown,SL,5.6,0.0,0.5936,0.0,0.0,0.0,0.266,0.1404
70,Versicolor,unknown,SW,2.5,0.0,0.6476,0.0,0.2945,0.0,0.0,0.0579
70,Versicolor,unknown,PL,3.9,0.0,0.9823,0.0,0.0177,0.0,0.0,0.0
70,Versicolor,unknown,PW,1.1,0.0,0.9976,0.0,0.0024,0.0,0.0,0.0
71,Versicolor,unknown,SL,5.9,0.0,0.6862,0.0,0.2623,0.0,0.0,0.0515
71,Versicolor,unknown,SW,3.2,0.4191,0.0,0.0,0.0,0.377,0.0,0.2039
71,Versicolor,unknown,PL,4.8,0.0,0.6061,0.0,0.3939,0.0,0.0,0.0
71,Versicolor,unknown,PW,1.8,0.8748,0.0,0.0,0.1252,0.0,0.0,0.0
72,Versicolor,unknown,SL,6.1,0.0,0.6293,0.0,0.3585,0.0,0.0,0.0122
72,Versicolor,unknown,SW,2.8,0.0,0.4708,0.0,0.4017,0.0,0.0,0.1275
72,Versicolor,unknown,PL,4.0,0.0,0.975,0.0,0.025,0.0,0.0,0.0
72,Versicolor,unknown,PW,1.3,0.0,0.9856,0.0,0.0144,0.0,0.0,0.0
73,Versicolor,unknown,SL,6.3,0.0,0.5238,0.0,0.4739,0.0,0.0,0.0023
73,Versicolor,unknown,SW,2.5,0.0,0.6476,0.0,0.2945,0.0,0.0,0.0579
73,Versicolor,unknown,PL,4.9,0.5055,0.0,0.0,0.4945,0.0,0.0,0.0
73,Versicolor,unknown,PW,1.5,0.0,0.8859,0.0,0.1141,0.0,0.0,0.0
74,Versicolor,unknown,SL,6.1,0.0,0.6293,0.0,0.3585,0.0,0.0,0.0122
74,Versicolor,unknown,SW,2.8,0.0,0.4708,0.0,0.4017,0.0,0.0,0.1275
74,Versicolor,unknown,PL,4.7,0.0,0.7055,0.0,0.2945,0.0,0.0,0.0
74,Versicolor,unknown,PW,1.2,0.0,0.9944,0.0,0.0056,0.0,0.0,0.0
75,Versicolor,unknown,SL,6.4,0.5382,0.0,0.0,0.4609,0.0,0.0,0.0009
75,Versicolor,unknown,SW,2.9,0.4274,0.0,0.0,0.4039,0.0,0.0,0.1687
75,Versicolor,unknown,PL,4.3,0.0,0.9265,0.0,0.0735,0.0,0.0,0.0
75,Versicolor,unknown,PW,1.3,0.0,0.9856,0.0,0.0144,0.0,0.0,0.0
76,Versicolor,unknown,SL,6.6,0.6709,0.0,0.0,0.329,0.0,0.0,0.0001
76,Versicolor,unknown,SW,3.0,0.4417,0.0,0.0,0.3354,0.0,0.0,0.2229
76,Versicolor,unknown,PL,4.4,0.0,0.8942,0.0,0.1058,0.0,0.0,0.0
76,Versicolor,unknown,PW,1.4,0.0,0.9604,0.0,0.0396,0.0,0.0,0.0
77,Versicolor,unknown,SL,6.8,0.7914,0.0,0.0,0.2086,0.0,0.0,0.0
77,Versicolor,unknown,SW,2.8,0.0,0.4708,0.0,0.4017,0.0,0.0,0.1275
77,Versicolor,unknown,PL,4.8,0.0,0.6061,0.0,0.3939,0.0,0.0,0.0
77,Versicolor,unknown,PW,1.4,0.0,0.9604,0.0,0.0396,0.0,0.0,0.0
78,Versicolor,unknown,SL,6.7,0.734,0.0,0.0,0.266,0.0,0.0,0.0
78,Versicolor,unknown,SW,3.0,0.4417,0.0,0.0,0.3354,0.0,0.0,0.2229
78,Versicolor,unknown,PL,5.0,0.6192,0.0,0.0,0.3808,0.0,0.0,0.0
78,Versicolor,unknown,PW,1.7,0.6263,0.0,0.0,0.3737,0.0,0.0,0.0
79,Versicolor,unknown,SL,6.0,0.0,0.6659,0.0,0.3083,0.0,0.0,0.0258
79,Versicolor,unknown,SW,2.9,0.4274,0.0,0.0,0.4039,0.0,0.0,0.1687
79,Versicolor,unknown,PL,4.5,0.0,0.8488,0.0,0.1512,0.0,0.0,0.0
79,Versicolor,unknown,PW,1.5,0.0,0.8859,0.0,0.1141,0.0,0.0,0.0
80,Versicolor,unknown,SL,5.7,0.0,0.6544,0.0,0.1788,0.0,0.0,0.1668
80,Versicolor,unknown,SW,2.6,0.0,0.5936,0.0,0.332,0.0,0.0,0.0744
80,Versicolor,unknown,PL,3.5,0.0,0.9952,0.0,0.0048,0.0,0.0,0.0
80,Versicolor,unknown,PW,1.0,0.0,0.9989,0.0,0.0011,0.0,0.0,0.0
81,Versicolor,unknown,SL,5.5,0.0,0.5073,0.0,0.0,0.0,0.3871,0.1056
81,Versicolor,unknown,SW,2.4,0.0,0.6961,0.0,0.2581,0.0,0.0,0.0458
81,Versicolor,unknown,PL,3.8,0.0,0.9874,0.0,0.0126,0.0,0.0,0.0
81,Versicolor,unknown,PW,1.1,0.0,0.9976,0.0,0.0024,0.0,0.0,0.0
82,Versicolor,unknown,SL,5.5,0.0,0.5073,0.0,0.0,0.0,0.3871,0.1056
82,Versicolor,unknown,SW,2.4,0.0,0.6961,0.0,0.2581,0.0,0.0,0.0458
82,Versicolor,unknown,PL,3.7,0.0,0.991,0.0,0.009,0.0,0.0,0.0
82,Versicolor,unknown,PW,1.0,0.0,0.9989,0.0,0.0011,0.0,0.0,0.0
83,Versicolor,unknown,SL,5.8,0.0,0.6845,0.0,0.2194,0.0,0.0,0.0961
83,Versicolor,unknown,SW,2.7,0.0,0.5344,0.0,0.3687,0.0,0.0,0.0969
83,Versicolor,unknown,PL,3.9,0.0,0.9823,0.0,0.0177,0.0,0.0,0.0
83,Versicolor,unknown,PW,1.2,0.0,0.9944,0.0,0.0056,0.0,0.0,0.0
84,Versicolor,unknown,SL,6.0,0.0,0.6659,0.0,0.3083,0.0,0.0,0.0258
84,Versicolor,unknown,SW,2.7,0.0,0.5344,0.0,0.3687,0.0,0.0,0.0969
84,Versicolor,unknown,PL,5.1,0.7233,0.0,0.0,0.2767,0.0,0.0,0.0
84,Versicolor,unknown,PW,1.6,0.0,0.6931,0.0,0.3069,0.0,0.0,0.0
85,Versicolor,unknown,SL,5.4,0.0,0.0,0.5149,0.0,0.0,0.409,0.0761
85,Versicolor,unknown,SW,3.0,0.4417,0.0,0.0,0.3354,0.0,0.0,0.2229
85,Versicolor,unknown,PL,4.5,0.0,0.8488,0.0,0.1512,0.0,0.0,0.0
85,Versicolor,unknown,PW,1.5,0.0,0.8859,0.0,0.1141,0.0,0.0,0.0
86,Versicolor,unknown,SL,6.0,0.0,0.6659,0.0,0.3083,0.0,0.0,0.0258
86,Versicolor,unknown,SW,3.4,0.0,0.0,0.5791,0.0,0.3217,0.0,0.0992
86,Versicolor,unknown,PL,4.5,0.0,0.8488,0.0,0.1512,0.0,0.0,0.0
86,Versicolor,unknown,PW,1.6,0.0,0.6931,0.0,0.3069,0.0,0.0,0.0
87,Versicolor,unknown,SL,6.7,0.734,0.0,0.0,0.266,0.0,0.0,0.0
87,Versicolor,unknown,SW,3.1,0.44,0.0,0.0,0.0,0.2922,0.0,0.2678
87,Versicolor,unknown,PL,4.7,0.0,0.7055,0.0,0.2945,0.0,0.0,0.0
87,Versicolor,unknown,PW,1.5,0.0,0.8859,0.0,0.1141,0.0,0.0,0.0
88,Versicolor,unknown,SL,6.3,0.0,0.5238,0.0,0.4739,0.0,0.0,0.0023
88,Versicolor,unknown,SW,2.3,0.0,0.7389,0.0,0.2241,0.0,0.0,0.037
88,Versicolor,unknown,PL,4.4,0.0,0.8942,0.0,0.1058,0.0,0.0,0.0
88,Versicolor,unknown,PW,1.3,0.0,0.9856,0.0,0.0144,0.0,0.0,0.0
89,Versicolor,unknown,SL,5.6,0.0,0.5936,0.0,0.0,0.0,0.266,0.1404
89,Versicolor,unknown,SW,3.0,0.4417,0.0,0.0,0.3354,0.0,0.0,0.2229
89,Versicolor,unknown,PL,4.1,0.0,0.9644,0.0,0.0356,0.0,0.0,0.0
89,Versicolor,unknown,PW,1.3,0.0,0.9856,0.0,0.0144,0.0,0.0,0.0
90,Versicolor,unknown,SL,5.5,0.0,0.5073,0.0,0.0,0.0,0.3871,0.1056
90,Versicolor,unknown,SW,2.5,0.0,0.6476,0.0,0.2945,0.0,0.0,0.0579
90,Versicolor,unknown,PL,4.0,0.0,0.975,0.0,0.025,0.0,0.0,0.0
90,Versicolor,unknown,PW,1.3,0.0,0.9856,0.0,0.0144,0.0,0.0,0.0
91,Versicolor,unknown,SL,5.5,0.0,0.5073,0.0,0.0,0.0,0.3871,0.1056
91,Versicolor,unknown,SW,2.6,0.0,0.5936,0.0,0.332,0.0,0.0,0.0744
91,Versicolor,unknown,PL,4.4,0.0,0.8942,0.0,0.1058,0.0,0.0,0.0
91,Versicolor,unknown,PW,1.2,0.0,0.9944,0.0,0.0056,0.0,0.0,0.0
92,Versicolor,unknown,SL,6.1,0.0,0.6293,0.0,0.3585,0.0,0.0,0.0122
92,Versicolor,unknown,SW,3.0,0.4417,0.0,0.0,0.3354,0.0,0.0,0.2229
92,Versicolor,unknown,PL,4.6,0.0,0.7866,0.0,0.2134,0.0,0.0,0.0
92,Versicolor,unknown,PW,1.4,0.0,0.9604,0.0,0.0396,0.0,0.0,0.0
93,Versicolor,unknown,SL,5.8,0.0,0.6845,0.0,0.2194,0.0,0.0,0.0961
93,Versicolor,unknown,SW,2.6,0.0,0.5936,0.0,0.332,0.0,0.0,0.0744
93,Versicolor,unknown,PL,4.0,0.0,0.975,0.0,0.025,0.0,0.0,0.0
93,Versicolor,unknown,PW,1.2,0.0,0.9944,0.0,0.0056,0.0,0.0,0.0
94,Versicolor,unknown,SL,5.0,0.0,0.0,0.8566,0.0,0.0,0.1259,0.0175
94,Versicolor,unknown,SW,2.3,0.0,0.7389,0.0,0.2241,0.0,0.0,0.037
94,Versicolor,unknown,PL,3.3,0.0,0.9973,0.0,0.0027,0.0,0.0,0.0
94,Versicolor,unknown,PW,1.0,0.0,0.9989,0.0,0.0011,0.0,0.0,0.0
95,Versicolor,unknown,SL,5.6,0.0,0.5936,0.0,0.0,0.0,0.266,0.1404
95,Versicolor,unknown,SW,2.7,0.0,0.5344,0.0,0.3687,0.0,0.0,0.0969
95,Versicolor,unknown,PL,4.2,0.0,0.9489,0.0,0.0511,0.0,0.0,0.0
95,Versicolor,unknown,PW,1.3,0.0,0.9856,0.0,0.0144,0.0,0.0,0.0
96,Versicolor,unknown,SL,5.7,0.0,0.6544,0.0,0.1788,0.0,0.0,0.1668
96,Versicolor,unknown,SW,3.0,0.4417,0.0,0.0,0.3354,0.0,0.0,0.2229
96,Versicolor,unknown,PL,4.2,0.0,0.9489,0.0,0.0511,0.0,0.0,0.0
96,Versicolor,unknown,PW,1.2,0.0,0.9944,0.0,0.0056,0.0,0.0,0.0
97,Versicolor,unknown,SL,5.7,0.0,0.6544,0.0,0.1788,0.0,0.0,0.1668
97,Versicolor,unknown,SW,2.9,0.4274,0.0,0.0,0.4039,0.0,0.0,0.1687
97,Versicolor,unknown,PL,4.2,0.0,0.9489,0.0,0.0511,0.0,0.0,0.0
97,Versicolor,unknown,PW,1.3,0.0,0.9856,0.0,0.0144,0.0,0.0,0.0
98,Versicolor,unknown,SL,6.2,0.0,0.5808,0.0,0.4137,0.0,0.0,0.0055
98,Versicolor,unknown,SW,2.9,0.4274,0.0,0.0,0.4039,0.0,0.0,0.1687
98,Versicolor,unknown,PL,4.3,0.0,0.9265,0.0,0.0735,0.0,0.0,0.0
98,Versicolor,unknown,PW,1.3,0.0,0.9856,0.0,0.0144,0.0,0.0,0.0
99,Versicolor,unknown,SL,5.1,0.0,0.0,0.8033,0.0,0.0,0.1716,0.0251
99,Versicolor,unknown,SW,2.5,0.0,0.6476,0.0,0.2945,0.0,0.0,0.0579
99,Versicolor,unknown,PL,3.0,0.0,0.9988,0.0,0.0012,0.0,0.0,0.0
99,Versicolor,unknown,PW,1.1,0.0,0.9976,0.0,0.0024,0.0,0.0,0.0
100,Versicolor,unknown,SL,5.7,0.0,0.6544,0.0,0.1788,0.0,0.0,0.1668
100,Versicolor,unknown,SW,2.8,0.0,0.4708,0.0,0.4017,0.0,0.0,0.1275
100,Versicolor,unknown,PL,4.1,0.0,0.9644,0.0,0.0356,0.0,0.0,0.0
100,Versicolor,unknown,PW,1.3,0.0,0.9856,0.0,0.0144,0.0,0.0,0.0
101,Virginica,unknown,SL,6.3,0.0,0.5238,0.0,0.4739,0.0,0.0,0.0023
101,Virginica,unknown,SW,3.3,0.0,0.0,0.4748,0.0,0.3784,0.0,0.1468
101,Virginica,unknown,PL,6.0,0.9968,0.0,0.0,0.0032,0.0,0.0,0.0
101,Virginica,unknown,PW,2.5,1.0,0.0,0.0,0.0,0.0,0.0,0.0
102,Virginica,unknown,SL,5.8,0.0,0.6845,0.0,0.2194,0.0,0.0,0.0961
102,Virginica,unknown,SW,2.7,0.0,0.5344,0.0,0.3687,0.0,0.0,0.0969
102,Virginica,unknown,PL,5.1,0.7233,0.0,0.0,0.2767,0.0,0.0,0.0
102,Virginica,unknown,PW,1.9,0.9697,0.0,0.0,0.0303,0.0,0.0,0.0
103,Virginica,unknown,SL,7.1,0.9156,0.0,0.0,0.0844,0.0,0.0,0.0
103,Virginica,unknown,SW,3.0,0.4417,0.0,0.0,0.3354,0.0,0.0,0.2229
103,Virginica,unknown,PL,5.9,0.9943,0.0,0.0,0.0057,0.0,0.0,0.0
103,Virginica,unknown,PW,2.1,0.9989,0.0,0.0,0.0011,0.0,0.0,0.0
104,Virginica,unknown,SL,6.3,0.0,0.5238,0.0,0.4739,0.0,0.0,0.0023
104,Virginica,unknown,SW,2.9,0.4274,0.0,0.0,0.4039,0.0,0.0,0.1687
104,Virginica,unknown,PL,5.6,0.9707,0.0,0.0,0.0293,0.0,0.0,0.0
104,Virginica,unknown,PW,1.8,0.8748,0.0,0.0,0.1252,0.0,0.0,0.0
105,Virginica,unknown,SL,6.5,0.6046,0.0,0.0,0.395,0.0,0.0,0.0004
105,Virginica,unknown,SW,3.0,0.4417,0.0,0.0,0.3354,0.0,0.0,0.2229
105,Virginica,unknown,PL,5.8,0.99,0.0,0.0,0.01,0.0,0.0,0.0
105,Virginica,unknown,PW,2.2,0.9998,0.0,0.0,0.0002,0.0,0.0,0.0
106,Virginica,unknown,SL,7.6,0.9885,0.0,0.0,0.0115,0.0,0.0,0.0
106,Virginica,unknown,SW,3.0,0.4417,0.0,0.0,0.3354,0.0,0.0,0.2229
106,Virginica,unknown,PL,6.6,0.9999,0.0,0.0,0.0001,0.0,0.0,0.0
106,Virginica,unknown,PW,2.1,0.9989,0.0,0.0,0.0011,0.0,0.0,0.0
107,Virginica,unknown,SL,4.9,0.0,0.0,0.8941,0.0,0.0,0.0933,0.0126
107,Virginica,unknown,SW,2.5,0.0,0.6476,0.0,0.2945,0.0,0.0,0.0579
107,Virginica,unknown,PL,4.5,0.0,0.8488,0.0,0.1512,0.0,0.0,0.0
107,Virginica,unknown,PW,1.7,0.6263,0.0,0.0,0.3737,0.0,0.0,0.0
108,Virginica,unknown,SL,7.3,0.9594,0.0,0.0,0.0406,0.0,0.0,0.0
108,Virginica,unknown,SW,2.9,0.4274,0.0,0.0,0.4039,0.0,0.0,0.1687
108,Virginica,unknown,PL,6.3,0.9995,0.0,0.0,0.0005,0.0,0.0,0.0
108,Virginica,unknown,PW,1.8,0.8748,0.0,0.0,0.1252,0.0,0.0,0.0
109,Virginica,unknown,SL,6.7,0.734,0.0,0.0,0.266,0.0,0.0,0.0
109,Virginica,unknown,SW,2.5,0.0,0.6476,0.0,0.2945,0.0,0.0,0.0579
109,Virginica,unknown,PL,5.8,0.99,0.0,0.0,0.01,0.0,0.0,0.0
109,Virginica,unknown,PW,1.8,0.8748,0.0,0.0,0.1252,0.0,0.0,0.0
110,Virginica,unknown,SL,7.2,0.9408,0.0,0.0,0.0592,0.0,0.0,0.0
110,Virginica,unknown,SW,3.6,0.0,0.0,0.772,0.0,0.1911,0.0,0.0369
110,Virginica,unknown,PL,6.1,0.9982,0.0,0.0,0.0018,0.0,0.0,0.0
110,Virginica,unknown,PW,2.5,1.0,0.0,0.0,0.0,0.0,0.0,0.0
111,Virginica,unknown,SL,6.5,0.6046,0.0,0.0,0.395,0.0,0.0,0.0004
111,Virginica,unknown,SW,3.2,0.4191,0.0,0.0,0.0,0.377,0.0,0.2039
111,Virginica,unknown,PL,5.1,0.7233,0.0,0.0,0.2767,0.0,0.0,0.0
111,Virginica,unknown,PW,2.0,0.9939,0.0,0.0,0.0061,0.0,0.0,0.0
112,Virginica,unknown,SL,6.4,0.5382,0.0,0.0,0.4609,0.0,0.0,0.0009
112,Virginica,unknown,SW,2.7,0.0,0.5344,0.0,0.3687,0.0,0.0,0.0969
112,Virginica,unknown,PL,5.3,0.8748,0.0,0.0,0.1252,0.0,0.0,0.0
112,Virginica,unknown,PW,1.9,0.9697,0.0,0.0,0.0303,0.0,0.0,0.0
113,Virginica,unknown,SL,6.8,0.7914,0.0,0.0,0.2086,0.0,0.0,0.0
113,Virginica,unknown,SW,3.0,0.4417,0.0,0.0,0.3354,0.0,0.0,0.2229
113,Virginica,unknown,PL,5.5,0.9512,0.0,0.0,0.0488,0.0,0.0,0.0
113,Virginica,unknown,PW,2.1,0.9989,0.0,0.0,0.0011,0.0,0.0,0.0
114,Virginica,unknown,SL,5.7,0.0,0.6544,0.0,0.1788,0.0,0.0,0.1668
114,Virginica,unknown,SW,2.5,0.0,0.6476,0.0,0.2945,0.0,0.0,0.0579
114,Virginica,unknown,PL,5.0,0.6192,0.0,0.0,0.3808,0.0,0.0,0.0
114,Virginica,unknown,PW,2.0,0.9939,0.0,0.0,0.0061,0.0,0.0,0.0
115,Virginica,unknown,SL,5.8,0.0,0.6845,0.0,0.2194,0.0,0.0,0.0961
115,Virginica,unknown,SW,2.8,0.0,0.4708,0.0,0.4017,0.0,0.0,0.1275
115,Virginica,unknown,PL,5.1,0.7233,0.0,0.0,0.2767,0.0,0.0,0.0
115,Virginica,unknown,PW,2.4,1.0,0.0,0.0,0.0,0.0,0.0,0.0
116,Virginica,unknown,SL,6.4,0.5382,0.0,0.0,0.4609,0.0,0.0,0.0009
116,Virginica,unknown,SW,3.2,0.4191,0.0,0.0,0.0,0.377,0.0,0.2039
116,Virginica,unknown,PL,5.3,0.8748,0.0,0.0,0.1252,0.0,0.0,0.0
116,Virginica,unknown,PW,2.3,1.0,0.0,0.0,0.0,0.0,0.0,0.0
117,Virginica,unknown,SL,6.5,0.6046,0.0,0.0,0.395,0.0,0.0,0.0004
117,Virginica,unknown,SW,3.0,0.4417,0.0,0.0,0.3354,0.0,0.0,0.2229
117,Virginica,unknown,PL,5.5,0.9512,0.0,0.0,0.0488,0.0,0.0,0.0
117,Virginica,unknown,PW,1.8,0.8748,0.0,0.0,0.1252,0.0,0.0,0.0
118,Virginica,unknown,SL,7.7,0.9927,0.0,0.0,0.0073,0.0,0.0,0.0
118,Virginica,unknown,SW,3.8,0.0,0.0,0.9008,0.0,0.0886,0.0,0.0106
118,Virginica,unknown,PL,6.7,1.0,0.0,0.0,0.0,0.0,0.0,0.0
118,Virginica,unknown,PW,2.2,0.9998,0.0,0.0,0.0002,0.0,0.0,0.0
119,Virginica,unknown,SL,7.7,0.9927,0.0,0.0,0.0073,0.0,0.0,0.0
119,Virginica,unknown,SW,2.6,0.0,0.5936,0.0,0.332,0.0,0.0,0.0744
119,Virginica,unknown,PL,6.9,1.0,0.0,0.0,0.0,0.0,0.0,0.0
119,Virginica,unknown,PW,2.3,1.0,0.0,0.0,0.0,0.0,0.0,0.0
120,Virginica,unknown,SL,6.0,0.0,0.6659,0.0,0.3083,0.0,0.0,0.0258
120,Virginica,unknown,SW,2.2,0.0,0.7764,0.0,0.1931,0.0,0.0,0.0305
120,Virginica,unknown,PL,5.0,0.6192,0.0,0.0,0.3808,0.0,0.0,0.0
120,Virginica,unknown,PW,1.5,0.0,0.8859,0.0,0.1141,0.0,0.0,0.0
121,Virginica,unknown,SL,6.9,0.8413,0.0,0.0,0.1587,0.0,0.0,0.0
121,Virginica,unknown,SW,3.2,0.4191,0.0,0.0,0.0,0.377,0.0,0.2039
121,Virginica,unknown,PL,5.7,0.9827,0.0,0.0,0.0173,0.0,0.0,0.0
121,Virginica,unknown,PW,2.3,1.0,0.0,0.0,0.0,0.0,0.0,0.0
122,Virginica,unknown,SL,5.6,0.0,0.5936,0.0,0.0,0.0,0.266,0.1404
122,Virginica,unknown,SW,2.8,0.0,0.4708,0.0,0.4017,0.0,0.0,0.1275
122,Virginica,unknown,PL,4.9,0.5055,0.0,0.0,0.4945,0.0,0.0,0.0
122,Virginica,unknown,PW,2.0,0.9939,0.0,0.0,0.0061,0.0,0.0,0.0
123,Virginica,unknown,SL,7.7,0.9927,0.0,0.0,0.0073,0.0,0.0,0.0
123,Virginica,unknown,SW,2.8,0.0,0.4708,0.0,0.4017,0.0,0.0,0.1275
123,Virginica,unknown,PL,6.7,1.0,0.0,0.0,0.0,0.0,0.0,0.0
123,Virginica,unknown,PW,2.0,0.9939,0.0,0.0,0.0061,0.0,0.0,0.0
124,Virginica,unknown,SL,6.3,0.0,0.5238,0.0,0.4739,0.0,0.0,0.0023
124,Virginica,unknown,SW,2.7,0.0,0.5344,0.0,0.3687,0.0,0.0,0.0969
124,Virginica,unknown,PL,4.9,0.5055,0.0,0.0,0.4945,0.0,0.0,0.0
124,Virginica,unknown,PW,1.8,0.8748,0.0,0.0,0.1252,0.0,0.0,0.0
125,Virginica,unknown,SL,6.7,0.734,0.0,0.0,0.266,0.0,0.0,0.0
125,Virginica,unknown,SW,3.3,0.0,0.0,0.4748,0.0,0.3784,0.0,0.1468
125,Virginica,unknown,PL,5.7,0.9827,0.0,0.0,0.0173,0.0,0.0,0.0
125,Virginica,unknown,PW,2.1,0.9989,0.0,0.0,0.0011,0.0,0.0,0.0
126,Virginica,unknown,SL,7.2,0.9408,0.0,0.0,0.0592,0.0,0.0,0.0
126,Virginica,unknown,SW,3.2,0.4191,0.0,0.0,0.0,0.377,0.0,0.2039
126,Virginica,unknown,PL,6.0,0.9968,0.0,0.0,0.0032,0.0,0.0,0.0
126,Virginica,unknown,PW,1.8,0.8748,0.0,0.0,0.1252,0.0,0.0,0.0
127,Virginica,unknown,SL,6.2,0.0,0.5808,0.0,0.4137,0.0,0.0,0.0055
127,Virginica,unknown,SW,2.8,0.0,0.4708,0.0,0.4017,0.0,0.0,0.1275
127,Virginica,unknown,PL,4.8,0.0,0.6061,0.0,0.3939,0.0,0.0,0.0
127,Virginica,unknown,PW,1.8,0.8748,0.0,0.0,0.1252,0.0,0.0,0.0
128,Virginica,unknown,SL,6.1,0.0,0.6293,0.0,0.3585,0.0,0.0,0.0122
128,Virginica,unknown,SW,3.0,0.4417,0.0,0.0,0.3354,0.0,0.0,0.2229
128,Virginica,unknown,PL,4.9,0.5055,0.0,0.0,0.4945,0.0,0.0,0.0
128,Virginica,unknown,PW,1.8,0.8748,0.0,0.0,0.1252,0.0,0.0,0.0
129,Virginica,unknown,SL,6.4,0.5382,0.0,0.0,0.4609,0.0,0.0,0.0009
129,Virginica,unknown,SW,2.8,0.0,0.4708,0.0,0.4017,0.0,0.0,0.1275
129,Virginica,unknown,PL,5.6,0.9707,0.0,0.0,0.0293,0.0,0.0,0.0
129,Virginica,unknown,PW,2.1,0.9989,0.0,0.0,0.0011,0.0,0.0,0.0
130,Virginica,unknown,SL,7.2,0.9408,0.0,0.0,0.0592,0.0,0.0,0.0
130,Virginica,unknown,SW,3.0,0.4417,0.0,0.0,0.3354,0.0,0.0,0.2229
130,Virginica,unknown,PL,5.8,0.99,0.0,0.0,0.01,0.0,0.0,0.0
130,Virginica,unknown,PW,1.6,0.0,0.6931,0.0,0.3069,0.0,0.0,0.0
131,Virginica,unknown,SL,7.4,0.9728,0.0,0.0,0.0272,0.0,0.0,0.0
131,Virginica,unknown,SW,2.8,0.0,0.4708,0.0,0.4017,0.0,0.0,0.1275
131,Virginica,unknown,PL,6.1,0.9982,0.0,0.0,0.0018,0.0,0.0,0.0
131,Virginica,unknown,PW,1.9,0.9697,0.0,0.0,0.0303,0.0,0.0,0.0
132,Virginica,unknown,SL,7.9,0.9972,0.0,0.0,0.0028,0.0,0.0,0.0
132,Virginica,unknown,SW,3.8,0.0,0.0,0.9008,0.0,0.0886,0.0,0.0106
132,Virginica,unknown,PL,6.4,0.9997,0.0,0.0,0.0003,0.0,0.0,0.0
132,Virginica,unknown,PW,2.0,0.9939,0.0,0.0,0.0061,0.0,0.0,0.0
133,Virginica,unknown,SL,6.4,0.5382,0.0,0.0,0.4609,0.0,0.0,0.0009
133,Virginica,unknown,SW,2.8,0.0,0.4708,0.0,0.4017,0.0,0.0,0.1275
133,Virginica,unknown,PL,5.6,0.9707,0.0,0.0,0.0293,0.0,0.0,0.0
133,Virginica,unknown,PW,2.2,0.9998,0.0,0.0,0.0002,0.0,0.0,0.0
134,Virginica,unknown,SL,6.3,0.0,0.5238,0.0,0.4739,0.0,0.0,0.0023
134,Virginica,unknown,SW,2.8,0.0,0.4708,0.0,0.4017,0.0,0.0,0.1275
134,Virginica,unknown,PL,5.1,0.7233,0.0,0.0,0.2767,0.0,0.0,0.0
134,Virginica,unknown,PW,1.5,0.0,0.8859,0.0,0.1141,0.0,0.0,0.0
135,Virginica,unknown,SL,6.1,0.0,0.6293,0.0,0.3585,0.0,0.0,0.0122
135,Virginica,unknown,SW,2.6,0.0,0.5936,0.0,0.332,0.0,0.0,0.0744
135,Virginica,unknown,PL,5.6,0.9707,0.0,0.0,0.0293,0.0,0.0,0.0
135,Virginica,unknown,PW,1.4,0.0,0.9604,0.0,0.0396,0.0,0.0,0.0
136,Virginica,unknown,SL,7.7,0.9927,0.0,0.0,0.0073,0.0,0.0,0.0
136,Virginica,unknown,SW,3.0,0.4417,0.0,0.0,0.3354,0.0,0.0,0.2229
136,Virginica,unknown,PL,6.1,0.9982,0.0,0.0,0.0018,0.0,0.0,0.0
136,Virginica,unknown,PW,2.3,1.0,0.0,0.0,0.0,0.0,0.0,0.0
137,Virginica,unknown,SL,6.3,0.0,0.5238,0.0,0.4739,0.0,0.0,0.0023
137,Virginica,unknown,SW,3.4,0.0,0.0,0.5791,0.0,0.3217,0.0,0.0992
137,Virginica,unknown,PL,5.6,0.9707,0.0,0.0,0.0293,0.0,0.0,0.0
137,Virginica,unknown,PW,2.4,1.0,0.0,0.0,0.0,0.0,0.0,0.0
138,Virginica,unknown,SL,6.4,0.5382,0.0,0.0,0.4609,0.0,0.0,0.0009
138,Virginica,unknown,SW,3.1,0.44,0.0,0.0,0.0,0.2922,0.0,0.2678
138,Virginica,unknown,PL,5.5,0.9512,0.0,0.0,0.0488,0.0,0.0,0.0
138,Virginica,unknown,PW,1.8,0.8748,0.0,0.0,0.1252,0.0,0.0,0.0
139,Virginica,unknown,SL,6.0,0.0,0.6659,0.0,0.3083,0.0,0.0,0.0258
139,Virginica,unknown,SW,3.0,0.4417,0.0,0.0,0.3354,0.0,0.0,0.2229
139,Virginica,unknown,PL,4.8,0.0,0.6061,0.0,0.3939,0.0,0.0,0.0
139,Virginica,unknown,PW,1.8,0.8748,0.0,0.0,0.1252,0.0,0.0,0.0
140,Virginica,unknown,SL,6.9,0.8413,0.0,0.0,0.1587,0.0,0.0,0.0
140,Virginica,unknown,SW,3.1,0.44,0.0,0.0,0.0,0.2922,0.0,0.2678
140,Virginica,unknown,PL,5.4,0.9207,0.0,0.0,0.0793,0.0,0.0,0.0
140,Virginica,unknown,PW,2.1,0.9989,0.0,0.0,0.0011,0.0,0.0,0.0
141,Virginica,unknown,SL,6.7,0.734,0.0,0.0,0.266,0.0,0.0,0.0
141,Virginica,unknown,SW,3.1,0.44,0.0,0.0,0.0,0.2922,0.0,0.2678
141,Virginica,unknown,PL,5.6,0.9707,0.0,0.0,0.0293,0.0,0.0,0.0
141,Virginica,unknown,PW,2.4,1.0,0.0,0.0,0.0,0.0,0.0,0.0
142,Virginica,unknown,SL,6.9,0.8413,0.0,0.0,0.1587,0.0,0.0,0.0
142,Virginica,unknown,SW,3.1,0.44,0.0,0.0,0.0,0.2922,0.0,0.2678
142,Virginica,unknown,PL,5.1,0.7233,0.0,0.0,0.2767,0.0,0.0,0.0
142,Virginica,unknown,PW,2.3,1.0,0.0,0.0,0.0,0.0,0.0,0.0
143,Virginica,unknown,SL,5.8,0.0,0.6845,0.0,0.2194,0.0,0.0,0.0961
143,Virginica,unknown,SW,2.7,0.0,0.5344,0.0,0.3687,0.0,0.0,0.0969
143,Virginica,unknown,PL,5.1,0.7233,0.0,0.0,0.2767,0.0,0.0,0.0
143,Virginica,unknown,PW,1.9,0.9697,0.0,0.0,0.0303,0.0,0.0,0.0
144,Virginica,unknown,SL,6.8,0.7914,0.0,0.0,0.2086,0.0,0.0,0.0
144,Virginica,unknown,SW,3.2,0.4191,0.0,0.0,0.0,0.377,0.0,0.2039
144,Virginica,unknown,PL,5.9,0.9943,0.0,0.0,0.0057,0.0,0.0,0.0
144,Virginica,unknown,PW,2.3,1.0,0.0,0.0,0.0,0.0,0.0,0.0
145,Virginica,unknown,SL,6.7,0.734,0.0,0.0,0.266,0.0,0.0,0.0
145,Virginica,unknown,SW,3.3,0.0,0.0,0.4748,0.0,0.3784,0.0,0.1468
145,Virginica,unknown,PL,5.7,0.9827,0.0,0.0,0.0173,0.0,0.0,0.0
145,Virginica,unknown,PW,2.5,1.0,0.0,0.0,0.0,0.0,0.0,0.0
146,Virginica,unknown,SL,6.7,0.734,0.0,0.0,0.266,0.0,0.0,0.0
146,Virginica,unknown,SW,3.0,0.4417,0.0,0.0,0.3354,0.0,0.0,0.2229
146,Virginica,unknown,PL,5.2,0.8095,0.0,0.0,0.1905,0.0,0.0,0.0
146,Virginica,unknown,PW,2.3,1.0,0.0,0.0,0.0,0.0,0.0,0.0
147,Virginica,unknown,SL,6.3,0.0,0.5238,0.0,0.4739,0.0,0.0,0.0023
147,Virginica,unknown,SW,2.5,0.0,0.6476,0.0,0.2945,0.0,0.0,0.0579
147,Virginica,unknown,PL,5.0,0.6192,0.0,0.0,0.3808,0.0,0.0,0.0
147,Virginica,unknown,PW,1.9,0.9697,0.0,0.0,0.0303,0.0,0.0,0.0
148,Virginica,unknown,SL,6.5,0.6046,0.0,0.0,0.395,0.0,0.0,0.0004
148,Virginica,unknown,SW,3.0,0.4417,0.0,0.0,0.3354,0.0,0.0,0.2229
148,Virginica,unknown,PL,5.2,0.8095,0.0,0.0,0.1905,0.0,0.0,0.0
148,Virginica,unknown,PW,2.0,0.9939,0.0,0.0,0.0061,0.0,0.0,0.0
149,Virginica,unknown,SL,6.2,0.0,0.5808,0.0,0.4137,0.0,0.0,0.0055
149,Virginica,unknown,SW,3.4,0.0,0.0,0.5791,0.0,0.3217,0.0,0.0992
149,Virginica,unknown,PL,5.4,0.9207,0.0,0.0,0.0793,0.0,0.0,0.0
149,Virginica,unknown,PW,2.3,1.0,0.0,0.0,0.0,0.0,0.0,0.0
150,Virginica,unknown,SL,5.9,0.0,0.6862,0.0,0.2623,0.0,0.0,0.0515
150,Virginica,unknown,SW,3.0,0.4417,0.0,0.0,0.3354,0.0,0.0,0.2229
150,Virginica,unknown,PL,5.1,0.7233,0.0,0.0,0.2767,0.0,0.0,0.0
150,Virginica,unknown,PW,1.8,0.8748,0.0,0.0,0.1252,0.0,0.0,0.0
